{
  "project_info": {
    "project_number": "766866751036",
    "firebase_url": "https://sojourn-5ed67.firebaseio.com",
    "project_id": "sojourn-5ed67",
    "storage_bucket": "sojourn-5ed67.appspot.com"
  },
  "client": [
    {
      "client_info": {
        "mobilesdk_app_id": "1:766866751036:android:5b823952347081c6",
        "android_client_info": {
          "package_name": "com.example.kaelen.sojourn"
        }
      },
      "oauth_client": [
        {
          "client_id": "766866751036-guroojidn58mub5c278kv3kuahkqjba9.apps.googleusercontent.com",
          "client_type": 1,
          "android_info": {
            "package_name": "com.example.kaelen.sojourn",
            "certificate_hash": "e847c07d3852de625f476050a0cab74ed6599db5"
          }
        },
        {
          "client_id": "766866751036-q7huuakrur16skg77hlcpr8l2tca2ovi.apps.googleusercontent.com",
          "client_type": 3
        }
      ],
      "api_key": [
        {
          "current_key": "AIzaSyDFfKy4CSgLmeA35LKgXn-hSB0uzO3NMcQ"
        }
      ],
      "services": {
        "analytics_service": {
          "status": 1
        },
        "appinvite_service": {
          "status": 2,
          "other_platform_oauth_client": [
            {
              "client_id": "766866751036-q7huuakrur16skg77hlcpr8l2tca2ovi.apps.googleusercontent.com",
              "client_type": 3
            }
          ]
        },
        "ads_service": {
          "status": 2
        }
      }
    }
  ],
  "configuration_version": "1"
}