{
  "project_info": {
    "project_number": "134092716172",
    "firebase_url": "https://lab9-102b2.firebaseio.com",
    "project_id": "lab9-102b2",
    "storage_bucket": "lab9-102b2.appspot.com"
  },
  "client": [
    {
      "client_info": {
        "mobilesdk_app_id": "1:134092716172:android:88fa7ba12ffc6538",
        "android_client_info": {
          "package_name": "com.example.kaelen.lab9"
        }
      },
      "oauth_client": [
        {
          "client_id": "134092716172-an4vgd0ti1reumdahtsut1e6272jfaj6.apps.googleusercontent.com",
          "client_type": 1,
          "android_info": {
            "package_name": "com.example.kaelen.lab9",
            "certificate_hash": "e847c07d3852de625f476050a0cab74ed6599db5"
          }
        },
        {
          "client_id": "134092716172-vafsg7s2m7n6hp17d4q2cg6hidbhbvp6.apps.googleusercontent.com",
          "client_type": 3
        }
      ],
      "api_key": [
        {
          "current_key": "AIzaSyAuEYRn88qJowoSNp6XTNSU557n3ulM82M"
        }
      ],
      "services": {
        "analytics_service": {
          "status": 1
        },
        "appinvite_service": {
          "status": 2,
          "other_platform_oauth_client": [
            {
              "client_id": "134092716172-vafsg7s2m7n6hp17d4q2cg6hidbhbvp6.apps.googleusercontent.com",
              "client_type": 3
            }
          ]
        },
        "ads_service": {
          "status": 2
        }
      }
    },
    {
      "client_info": {
        "mobilesdk_app_id": "1:134092716172:android:8af7dbfb3903757c",
        "android_client_info": {
          "package_name": "com.example.kaelen.lab_9"
        }
      },
      "oauth_client": [
        {
          "client_id": "134092716172-a776o8t3b04r0hr49v96jclp6n12cd5r.apps.googleusercontent.com",
          "client_type": 1,
          "android_info": {
            "package_name": "com.example.kaelen.lab_9",
            "certificate_hash": "e847c07d3852de625f476050a0cab74ed6599db5"
          }
        },
        {
          "client_id": "134092716172-vafsg7s2m7n6hp17d4q2cg6hidbhbvp6.apps.googleusercontent.com",
          "client_type": 3
        }
      ],
      "api_key": [
        {
          "current_key": "AIzaSyAuEYRn88qJowoSNp6XTNSU557n3ulM82M"
        }
      ],
      "services": {
        "analytics_service": {
          "status": 1
        },
        "appinvite_service": {
          "status": 2,
          "other_platform_oauth_client": [
            {
              "client_id": "134092716172-vafsg7s2m7n6hp17d4q2cg6hidbhbvp6.apps.googleusercontent.com",
              "client_type": 3
            }
          ]
        },
        "ads_service": {
          "status": 2
        }
      }
    }
  ],
  "configuration_version": "1"
}